{"RuleTriggered": 0, "Violations": 28, "Details": {"low_gpu_utilization": 264, "bottlenecks": {"1730826457.003128": {"GPUs": 1, "CPUs": 1}, "1730826458.003298": {"GPUs": 1, "CPUs": 4}, "1730826459.003879": {"GPUs": 1, "CPUs": 4}, "1730826460.003102": {"GPUs": 1, "CPUs": 4}, "1730826461.003458": {"GPUs": 1, "CPUs": 4}, "1730826462.004": {"GPUs": 1, "CPUs": 4}, "1730826463.002876": {"GPUs": 1, "CPUs": 4}, "1730826464.002323": {"GPUs": 1, "CPUs": 4}, "1730826465.002383": {"GPUs": 1, "CPUs": 4}, "1730826469.002757": {"GPUs": 1, "CPUs": 1}, "1730826471.003299": {"GPUs": 1, "CPUs": 4}, "1730826472.002292": {"GPUs": 1, "CPUs": 4}, "1730826473.002461": {"GPUs": 1, "CPUs": 4}, "1730826474.002645": {"GPUs": 1, "CPUs": 4}, "1730826475.002506": {"GPUs": 1, "CPUs": 4}, "1730826477.002999": {"GPUs": 1, "CPUs": 2}, "1730826478.003855": {"GPUs": 1, "CPUs": 1}, "1730826481.002297": {"GPUs": 1, "CPUs": 2}, "1730826482.002831": {"GPUs": 1, "CPUs": 4}, "1730826489.00273": {"GPUs": 1, "CPUs": 1}, "1730826492.003028": {"GPUs": 1, "CPUs": 1}, "1730826495.002418": {"GPUs": 1, "CPUs": 1}, "1730826496.002557": {"GPUs": 1, "CPUs": 1}, "1730826498.003007": {"GPUs": 1, "CPUs": 1}, "1730826501.002803": {"GPUs": 1, "CPUs": 1}, "1730826502.002485": {"GPUs": 1, "CPUs": 1}, "1730826518.003105": {"GPUs": 1, "CPUs": 1}, "1730826710.003177": {"GPUs": 1, "CPUs": 1}}}, "Datapoints": 266, "RuleParameters": "threshold:50\ncpu_threshold:90\ngpu_threshold:10\npatience:1000"}