{"RuleTriggered": 0, "Violations": 14, "Details": {"low_gpu_utilization": 259, "bottlenecks": {"1730141742.000955": {"GPUs": 1, "CPUs": 4}, "1730141743.001181": {"GPUs": 1, "CPUs": 4}, "1730141744.000899": {"GPUs": 1, "CPUs": 4}, "1730141745.001734": {"GPUs": 1, "CPUs": 4}, "1730141746.000535": {"GPUs": 1, "CPUs": 4}, "1730141747.001265": {"GPUs": 1, "CPUs": 4}, "1730141748.002189": {"GPUs": 1, "CPUs": 1}, "1730141750.002197": {"GPUs": 1, "CPUs": 3}, "1730141751.002218": {"GPUs": 1, "CPUs": 3}, "1730141752.004764": {"GPUs": 1, "CPUs": 4}, "1730141753.000683": {"GPUs": 1, "CPUs": 4}, "1730141756.001305": {"GPUs": 1, "CPUs": 2}, "1730141818.001081": {"GPUs": 1, "CPUs": 1}, "1730141821.000284": {"GPUs": 1, "CPUs": 1}}}, "Datapoints": 260, "RuleParameters": "threshold:50\ncpu_threshold:90\ngpu_threshold:10\npatience:1000"}