{"RuleTriggered": 0, "Violations": 4, "Details": {"low_gpu_utilization": 259, "bottlenecks": {"1730141818.001081": {"GPUs": 1, "CPUs": 1}, "1730141819.000441": {"GPUs": 1, "CPUs": 1}, "1730141821.000284": {"GPUs": 1, "CPUs": 1}, "1730141824.000972": {"GPUs": 1, "CPUs": 1}}}, "Datapoints": 260, "RuleParameters": "threshold:50\nio_threshold:50\ngpu_threshold:10\npatience:1000"}