{"RuleTriggered": 0, "Violations": 32, "Details": {"low_gpu_utilization": 264, "bottlenecks": {"1730826489.00273": {"GPUs": 1, "CPUs": 2}, "1730826490.002944": {"GPUs": 1, "CPUs": 4}, "1730826491.003057": {"GPUs": 1, "CPUs": 3}, "1730826492.003028": {"GPUs": 1, "CPUs": 3}, "1730826493.002264": {"GPUs": 1, "CPUs": 4}, "1730826494.002795": {"GPUs": 1, "CPUs": 3}, "1730826495.002418": {"GPUs": 1, "CPUs": 1}, "1730826496.002557": {"GPUs": 1, "CPUs": 4}, "1730826497.00309": {"GPUs": 1, "CPUs": 4}, "1730826498.003007": {"GPUs": 1, "CPUs": 3}, "1730826499.002714": {"GPUs": 1, "CPUs": 4}, "1730826500.002872": {"GPUs": 1, "CPUs": 3}, "1730826501.002803": {"GPUs": 1, "CPUs": 3}, "1730826502.002485": {"GPUs": 1, "CPUs": 3}, "1730826503.002279": {"GPUs": 1, "CPUs": 3}, "1730826504.0028": {"GPUs": 1, "CPUs": 4}, "1730826505.002677": {"GPUs": 1, "CPUs": 4}, "1730826506.002515": {"GPUs": 1, "CPUs": 3}, "1730826507.003179": {"GPUs": 1, "CPUs": 3}, "1730826508.003262": {"GPUs": 1, "CPUs": 4}, "1730826509.003241": {"GPUs": 1, "CPUs": 4}, "1730826510.002627": {"GPUs": 1, "CPUs": 2}, "1730826511.00265": {"GPUs": 1, "CPUs": 2}, "1730826512.002773": {"GPUs": 1, "CPUs": 1}, "1730826514.003289": {"GPUs": 1, "CPUs": 1}, "1730826517.003081": {"GPUs": 1, "CPUs": 1}, "1730826518.003105": {"GPUs": 1, "CPUs": 1}, "1730826519.003138": {"GPUs": 1, "CPUs": 1}, "1730826704.002743": {"GPUs": 1, "CPUs": 1}, "1730826710.003177": {"GPUs": 1, "CPUs": 1}, "1730826711.003125": {"GPUs": 1, "CPUs": 1}, "1730826712.003011": {"GPUs": 1, "CPUs": 1}}}, "Datapoints": 266, "RuleParameters": "threshold:50\nio_threshold:50\ngpu_threshold:10\npatience:1000"}